,0
0,helper_functions
1,modelling
2,data_preprocessing
3,data_preprocessing
4,data_exploration
5,data_exploration
6,data_exploration
7,data_exploration
8,data_exploration
9,data_exploration
10,data_exploration
11,modelling
12,load_data
13,data_preprocessing
14,data_exploration
15,data_exploration
16,data_preprocessing
17,data_preprocessing
18,helper_functions
19,load_data
20,data_exploration
21,data_exploration
22,data_preprocessing
23,data_preprocessing
24,data_exploration
25,data_exploration
26,data_preprocessing
27,modelling
28,modelling
29,data_exploration
30,modelling
31,modelling
32,modelling
33,modelling
34,modelling
35,evaluation
36,data_exploration
37,data_exploration
38,data_exploration
39,helper_functions
40,load_data
41,load_data
42,data_exploration
43,data_preprocessing
44,data_exploration
45,data_preprocessing
46,data_exploration
47,data_preprocessing
48,data_exploration
49,modelling
50,modelling
51,evaluation
52,data_preprocessing
53,modelling
54,modelling
55,prediction
56,save_results
57,helper_functions
58,helper_functions
59,modelling
60,data_exploration
61,helper_functions
62,load_data
63,data_preprocessing
64,modelling
65,modelling
66,data_exploration
67,data_exploration
68,data_exploration
69,modelling
70,load_data
71,data_preprocessing
72,data_exploration
73,data_preprocessing
74,data_exploration
75,data_exploration
76,data_preprocessing
77,data_preprocessing
78,data_preprocessing
79,data_exploration
80,data_exploration
81,modelling
82,modelling
83,helper_functions
84,helper_functions
85,helper_functions
86,load_data
87,load_data
88,data_preprocessing
89,result_visualization
90,result_visualization
91,helper_functions
92,result_visualization
93,result_visualization
94,result_visualization
95,result_visualization
96,result_visualization
97,data_exploration
98,data_exploration
99,data_exploration
100,data_exploration
101,result_visualization
102,result_visualization
103,result_visualization
104,result_visualization
105,load_data
106,data_preprocessing
107,modelling
108,data_preprocessing
109,data_preprocessing
110,data_preprocessing
111,data_preprocessing
112,data_exploration
113,data_exploration
114,data_preprocessing
115,data_exploration
116,data_exploration
117,helper_functions
118,result_visualization
119,data_exploration
120,helper_functions
121,data_preprocessing
122,load_data
123,data_preprocessing
124,modelling
125,data_preprocessing
126,load_data
127,data_preprocessing
128,data_preprocessing
129,result_visualization
130,data_exploration
131,data_preprocessing
132,data_preprocessing
133,data_preprocessing
134,data_preprocessing
135,data_exploration
136,data_preprocessing
137,data_exploration
138,data_preprocessing
139,data_exploration
140,data_exploration
141,data_preprocessing
142,data_exploration
143,data_exploration
144,modelling
145,result_visualization
146,data_preprocessing
147,save_results
148,load_data
149,data_preprocessing
150,data_preprocessing
151,data_exploration
152,helper_functions
153,load_data
154,data_preprocessing
155,data_preprocessing
156,data_preprocessing
157,data_preprocessing
158,data_preprocessing
159,data_preprocessing
160,data_exploration
161,data_exploration
162,load_data
163,data_preprocessing
164,data_preprocessing
165,data_preprocessing
166,data_preprocessing
167,data_preprocessing
168,data_preprocessing
169,data_preprocessing
170,data_exploration
171,data_exploration
172,data_preprocessing
173,data_preprocessing
174,data_exploration
175,data_exploration
176,data_preprocessing
177,data_exploration
178,data_preprocessing
179,data_exploration
180,data_preprocessing
181,data_preprocessing
182,data_exploration
183,data_exploration
184,data_exploration
185,data_preprocessing
186,data_preprocessing
187,data_exploration
188,data_preprocessing
189,data_preprocessing
190,data_preprocessing
191,data_exploration
192,data_exploration
193,data_exploration
194,data_exploration
195,data_exploration
196,data_exploration
197,data_exploration
198,data_exploration
199,data_exploration
200,data_preprocessing
201,data_exploration
202,data_exploration
203,data_exploration
204,data_preprocessing
205,data_exploration
206,data_exploration
207,data_exploration
208,data_exploration
209,data_exploration
210,data_exploration
211,data_exploration
212,data_exploration
213,data_exploration
214,data_preprocessing
215,data_exploration
216,data_exploration
217,data_preprocessing
218,data_exploration
219,data_preprocessing
220,data_exploration
221,data_exploration
222,data_preprocessing
223,data_exploration
224,data_exploration
225,result_visualization
226,data_exploration
227,data_exploration
228,data_exploration
229,data_exploration
230,data_exploration
231,data_exploration
232,data_exploration
233,data_exploration
234,data_exploration
235,data_exploration
236,data_exploration
237,data_exploration
238,data_exploration
239,data_exploration
240,data_preprocessing
241,data_preprocessing
242,data_preprocessing
243,data_preprocessing
244,data_exploration
245,data_exploration
246,data_exploration
247,data_preprocessing
248,data_preprocessing
249,data_preprocessing
250,data_preprocessing
251,data_preprocessing
252,data_exploration
253,data_exploration
254,data_exploration
255,data_exploration
256,data_exploration
257,data_exploration
258,data_exploration
259,data_exploration
260,data_exploration
261,data_exploration
262,data_exploration
263,data_exploration
264,data_exploration
265,data_exploration
266,data_exploration
267,data_exploration
268,data_preprocessing
269,data_preprocessing
270,data_preprocessing
271,data_preprocessing
272,data_exploration
273,data_exploration
274,data_exploration
275,data_exploration
276,data_exploration
277,data_exploration
278,data_exploration
279,helper_functions
280,helper_functions
281,modelling
282,data_preprocessing
283,modelling
284,modelling
285,modelling
286,data_preprocessing
287,evaluation
288,modelling
289,load_data
290,modelling
291,evaluation
292,load_data
293,data_exploration
294,data_preprocessing
295,data_preprocessing
296,data_exploration
297,helper_functions
298,data_exploration
299,data_preprocessing
300,data_preprocessing
301,data_preprocessing
302,data_preprocessing
303,data_preprocessing
304,data_preprocessing
305,data_preprocessing
306,data_preprocessing
307,data_preprocessing
308,data_preprocessing
309,helper_functions
310,data_preprocessing
311,data_exploration
312,data_preprocessing
313,data_preprocessing
314,data_exploration
315,data_preprocessing
316,data_preprocessing
317,data_preprocessing
318,data_preprocessing
319,data_preprocessing
320,data_exploration
321,data_preprocessing
322,data_preprocessing
323,data_exploration
324,data_preprocessing
325,data_preprocessing
326,data_preprocessing
327,result_visualization
328,result_visualization
329,data_preprocessing
330,data_preprocessing
331,data_preprocessing
332,data_preprocessing
333,data_preprocessing
334,data_preprocessing
335,data_exploration
336,load_data
337,data_preprocessing
338,data_exploration
339,data_exploration
340,data_preprocessing
341,data_preprocessing
342,data_preprocessing
343,data_exploration
344,data_preprocessing
345,data_exploration
346,data_preprocessing
347,data_preprocessing
348,data_preprocessing
349,data_preprocessing
350,data_exploration
351,data_exploration
352,data_preprocessing
353,data_preprocessing
354,data_exploration
355,data_preprocessing
356,data_preprocessing
357,data_preprocessing
358,helper_functions
359,helper_functions
360,load_data
361,load_data
362,load_data
363,modelling
364,modelling
365,modelling
366,modelling
367,data_exploration
368,data_exploration
369,modelling
370,prediction
371,modelling
372,modelling
373,modelling
374,modelling
375,evaluation
376,data_preprocessing
377,data_exploration
378,helper_functions
379,load_data
380,modelling
381,modelling
382,modelling
383,modelling
384,modelling
385,modelling
386,prediction
387,modelling
388,modelling
389,modelling
390,modelling
391,helper_functions
392,load_data
393,data_exploration
394,data_exploration
395,data_exploration
396,data_exploration
397,data_preprocessing
398,data_exploration
399,data_exploration
400,data_preprocessing
401,data_preprocessing
402,data_exploration
403,data_exploration
404,modelling
405,modelling
406,data_exploration
407,data_preprocessing
408,evaluation
409,data_preprocessing
410,data_preprocessing
411,data_exploration
412,data_preprocessing
413,data_exploration
414,result_visualization
415,modelling
416,result_visualization
417,modelling
418,result_visualization
419,data_exploration
420,helper_functions
421,load_data
422,data_exploration
423,data_exploration
424,data_exploration
425,data_preprocessing
426,helper_functions
427,data_exploration
428,data_exploration
429,result_visualization
430,data_exploration
431,data_exploration
432,data_exploration
433,data_preprocessing
434,data_preprocessing
435,modelling
436,modelling
437,helper_functions
438,data_preprocessing
439,modelling
440,modelling
441,prediction
442,helper_functions
443,evaluation
444,helper_functions
445,helper_functions
446,modelling
447,data_preprocessing
448,modelling
449,prediction
450,evaluation
451,helper_functions
452,load_data
453,data_exploration
454,data_exploration
455,data_exploration
456,data_preprocessing
457,data_exploration
458,data_exploration
459,save_results
460,data_exploration
461,modelling
462,data_preprocessing
463,data_preprocessing
464,load_data
465,data_exploration
466,modelling
467,data_exploration
468,helper_functions
469,load_data
470,comment_only
471,comment_only
472,comment_only
473,load_data
474,data_preprocessing
475,data_preprocessing
476,data_preprocessing
477,data_preprocessing
478,data_preprocessing
479,data_preprocessing
480,data_preprocessing
481,data_preprocessing
482,load_data
483,comment_only
484,load_data
485,data_preprocessing
486,data_preprocessing
487,data_preprocessing
488,data_preprocessing
489,data_preprocessing
490,data_preprocessing
491,modelling
492,comment_only
493,load_data
494,load_data
495,load_data
496,data_preprocessing
497,evaluation
498,evaluation
499,helper_functions
500,load_data
501,modelling
502,prediction
503,helper_functions
504,load_data
505,data_exploration
506,data_exploration
507,data_exploration
508,data_exploration
509,data_exploration
510,data_exploration
511,data_exploration
512,load_data
513,data_exploration
514,data_preprocessing
515,data_exploration
516,load_data
517,data_preprocessing
518,data_exploration
519,modelling
520,modelling
521,load_data
522,prediction
523,save_results
524,helper_functions
525,load_data
526,data_exploration
527,comment_only
528,comment_only
529,data_preprocessing
530,data_preprocessing
531,save_results
532,load_data
533,data_exploration
534,modelling
535,modelling
536,evaluation
537,data_preprocessing
538,data_exploration
539,comment_only
540,data_preprocessing
541,data_exploration
542,modelling
543,helper_functions
544,load_data
545,load_data
546,load_data
547,data_exploration
548,data_exploration
549,data_exploration
550,data_exploration
551,data_exploration
552,data_exploration
553,data_exploration
554,data_exploration
555,data_exploration
556,data_exploration
557,data_exploration
558,data_exploration
559,data_preprocessing
560,data_preprocessing
561,data_exploration
562,data_exploration
563,data_exploration
564,data_exploration
565,data_exploration
566,helper_functions
567,helper_functions
568,load_data
569,data_exploration
570,data_exploration
571,data_preprocessing
572,data_preprocessing
573,data_preprocessing
574,data_preprocessing
575,data_preprocessing
576,data_preprocessing
577,data_preprocessing
578,data_preprocessing
579,data_preprocessing
580,data_preprocessing
581,data_preprocessing
582,data_exploration
583,helper_functions
584,load_data
585,data_preprocessing
586,data_preprocessing
587,data_preprocessing
588,modelling
589,modelling
590,data_preprocessing
591,modelling
592,modelling
593,modelling
594,modelling
595,modelling
596,load_data
597,data_preprocessing
598,data_preprocessing
599,data_preprocessing
600,comment_only
601,data_preprocessing
602,data_exploration
603,helper_functions
604,data_exploration
605,data_preprocessing
606,data_preprocessing
607,load_data
608,data_exploration
609,data_exploration
610,helper_functions
611,data_preprocessing
612,data_preprocessing
613,data_exploration
614,modelling
615,modelling
616,prediction
617,save_results
618,data_preprocessing
619,data_exploration
620,helper_functions
621,load_data
622,load_data
623,load_data
624,data_exploration
625,data_preprocessing
626,data_exploration
627,data_exploration
628,data_exploration
629,data_exploration
630,data_exploration
631,data_exploration
632,data_exploration
633,data_exploration
634,data_exploration
635,data_exploration
636,data_exploration
637,data_preprocessing
638,data_exploration
639,data_exploration
640,data_exploration
641,data_exploration
642,data_exploration
643,helper_functions
644,load_data
645,load_data
646,data_preprocessing
647,helper_functions
648,load_data
649,result_visualization
650,data_preprocessing
651,data_preprocessing
652,result_visualization
653,data_exploration
654,data_preprocessing
655,data_preprocessing
656,data_preprocessing
657,data_preprocessing
658,modelling
659,modelling
660,result_visualization
661,evaluation
662,result_visualization
663,load_data
664,data_exploration
665,modelling
666,data_exploration
667,result_visualization
668,data_exploration
669,result_visualization
670,helper_functions
671,modelling
672,modelling
673,data_preprocessing
674,data_preprocessing
675,modelling
676,data_preprocessing
677,data_preprocessing
678,modelling
679,modelling
680,modelling
681,helper_functions
682,load_data
683,data_preprocessing
684,evaluation
685,modelling
686,modelling
687,helper_functions
688,load_data
689,data_exploration
690,data_preprocessing
691,helper_functions
692,data_exploration
693,helper_functions
694,data_preprocessing
695,data_preprocessing
696,data_exploration
697,data_exploration
698,data_exploration
699,data_exploration
700,data_exploration
701,data_exploration
702,data_preprocessing
703,data_exploration
704,data_exploration
705,result_visualization
706,data_exploration
707,helper_functions
708,load_data
709,data_exploration
710,data_exploration
711,data_preprocessing
712,helper_functions
713,data_exploration
714,data_exploration
715,data_exploration
716,helper_functions
717,data_preprocessing
718,data_exploration
719,data_exploration
720,data_exploration
721,load_data
722,data_preprocessing
723,data_preprocessing
724,data_exploration
725,data_preprocessing
726,data_preprocessing
727,data_exploration
728,helper_functions
729,load_data
730,data_exploration
731,data_exploration
732,data_preprocessing
733,helper_functions
734,modelling
735,data_exploration
736,modelling
737,data_exploration
738,prediction
739,data_exploration
740,result_visualization
741,load_data
742,data_preprocessing
743,modelling
744,prediction
745,load_data
746,data_exploration
747,data_exploration
748,data_exploration
749,data_exploration
750,helper_functions
751,data_preprocessing
752,data_preprocessing
753,modelling
754,modelling
755,modelling
756,modelling
757,data_preprocessing
758,modelling
759,result_visualization
760,helper_functions
761,data_preprocessing
762,data_preprocessing
763,result_visualization
764,data_preprocessing
765,data_exploration
766,data_exploration
767,data_preprocessing
768,modelling
769,data_preprocessing
770,data_exploration
771,data_preprocessing
772,data_preprocessing
773,result_visualization
774,data_exploration
775,load_data
776,data_preprocessing
777,data_preprocessing
778,data_preprocessing
779,data_preprocessing
780,load_data
781,modelling
782,modelling
783,modelling
784,modelling
785,modelling
786,modelling
787,modelling
788,evaluation
789,modelling
790,modelling
791,save_results
792,modelling
793,load_data
794,data_exploration
795,data_preprocessing
796,data_preprocessing
797,modelling
798,evaluation
799,evaluation
800,evaluation
801,modelling
802,result_visualization
803,modelling
804,load_data
805,data_preprocessing
806,modelling
807,result_visualization
808,load_data
809,data_preprocessing
810,data_preprocessing
811,data_exploration
812,data_preprocessing
813,data_exploration
814,data_preprocessing
815,data_preprocessing
816,data_preprocessing
817,data_preprocessing
818,data_preprocessing
819,load_data
820,data_preprocessing
821,data_preprocessing
822,data_exploration
823,data_preprocessing
824,data_exploration
825,data_exploration
826,data_preprocessing
827,data_exploration
828,data_exploration
829,data_preprocessing
830,data_exploration
831,data_exploration
832,result_visualization
833,data_preprocessing
834,modelling
835,helper_functions
836,data_preprocessing
837,helper_functions
838,load_data
839,data_preprocessing
840,data_exploration
841,result_visualization
842,data_preprocessing
843,data_preprocessing
844,load_data
845,modelling
846,modelling
847,helper_functions
848,modelling
849,modelling
850,result_visualization
851,result_visualization
852,result_visualization
853,result_visualization
854,result_visualization
855,data_preprocessing
856,modelling
857,load_data
858,helper_functions
859,data_preprocessing
860,data_preprocessing
861,data_exploration
862,data_exploration
863,data_exploration
864,data_exploration
865,data_exploration
866,data_exploration
867,data_preprocessing
868,data_exploration
869,data_exploration
870,data_preprocessing
871,result_visualization
872,modelling
873,result_visualization
874,modelling
875,result_visualization
876,data_preprocessing
877,data_exploration
878,modelling
879,modelling
880,result_visualization
881,data_exploration
882,helper_functions
883,helper_functions
884,modelling
885,data_preprocessing
886,data_preprocessing
887,data_preprocessing
888,data_preprocessing
889,data_preprocessing
890,load_data
891,modelling
892,evaluation
893,data_preprocessing
894,modelling
895,modelling
896,data_preprocessing
897,prediction
898,helper_functions
899,load_data
900,data_exploration
901,data_exploration
902,load_data
903,data_preprocessing
904,data_exploration
905,data_preprocessing
906,data_exploration
907,data_preprocessing
908,data_preprocessing
909,modelling
910,data_preprocessing
911,data_preprocessing
912,data_preprocessing
913,data_preprocessing
914,helper_functions
915,modelling
916,data_preprocessing
917,data_preprocessing
918,modelling
919,modelling
920,data_exploration
921,load_data
922,data_exploration
923,data_preprocessing
924,data_preprocessing
925,data_preprocessing
926,load_data
927,modelling
928,modelling
929,modelling
930,modelling
931,modelling
932,modelling
933,modelling
934,evaluation
935,modelling
936,modelling
937,modelling
938,prediction
939,helper_functions
940,load_data
941,data_exploration
942,helper_functions
943,helper_functions
944,helper_functions
945,load_data
946,data_exploration
947,data_preprocessing
948,data_preprocessing
949,helper_functions
950,data_exploration
951,modelling
952,data_exploration
953,data_preprocessing
954,data_preprocessing
955,data_exploration
956,data_exploration
957,data_preprocessing
958,data_exploration
959,comment_only
960,comment_only
961,comment_only
962,comment_only
963,data_preprocessing
964,data_exploration
965,data_exploration
966,data_preprocessing
967,data_exploration
968,data_preprocessing
969,data_preprocessing
970,data_preprocessing
971,data_preprocessing
972,data_exploration
973,data_exploration
974,data_exploration
975,data_exploration
976,data_exploration
977,data_preprocessing
978,data_preprocessing
979,data_preprocessing
980,data_preprocessing
981,data_exploration
982,data_preprocessing
983,data_preprocessing
984,data_preprocessing
985,data_preprocessing
986,data_preprocessing
987,modelling
988,data_preprocessing
989,data_preprocessing
990,data_preprocessing
991,data_preprocessing
992,helper_functions
993,data_preprocessing
994,data_exploration
995,data_preprocessing
996,data_preprocessing
997,data_exploration
998,data_preprocessing
999,data_exploration
1000,modelling
1001,result_visualization
1002,save_results
1003,helper_functions
1004,data_exploration
1005,data_preprocessing
1006,data_exploration
1007,data_preprocessing
1008,data_exploration
1009,data_exploration
1010,data_exploration
1011,data_preprocessing
1012,modelling
1013,result_visualization
1014,data_preprocessing
1015,data_exploration
1016,data_exploration
1017,data_preprocessing
1018,data_exploration
1019,data_exploration
1020,modelling
1021,prediction
1022,data_exploration
1023,prediction
1024,result_visualization
1025,prediction
1026,result_visualization
1027,data_preprocessing
1028,data_exploration
1029,data_preprocessing
1030,data_exploration
1031,result_visualization
1032,data_exploration
1033,result_visualization
1034,result_visualization
1035,data_exploration
1036,data_preprocessing
1037,data_exploration
1038,helper_functions
1039,data_exploration
1040,result_visualization
1041,result_visualization
1042,data_exploration
1043,data_preprocessing
1044,data_exploration
1045,data_preprocessing
1046,data_exploration
1047,data_exploration
1048,result_visualization
1049,result_visualization
1050,helper_functions
1051,helper_functions
1052,data_preprocessing
1053,data_preprocessing
1054,data_preprocessing
1055,data_preprocessing
1056,result_visualization
1057,data_exploration
1058,data_exploration
1059,data_preprocessing
1060,modelling
1061,data_preprocessing
1062,data_exploration
1063,data_preprocessing
1064,data_exploration
1065,comment_only
1066,data_exploration
1067,data_exploration
1068,result_visualization
1069,data_preprocessing
1070,data_exploration
1071,data_preprocessing
1072,data_preprocessing
1073,comment_only
1074,data_exploration
1075,data_exploration
1076,data_exploration
1077,data_exploration
1078,helper_functions
1079,data_preprocessing
1080,data_preprocessing
1081,data_preprocessing
1082,save_results
1083,data_preprocessing
1084,data_exploration
1085,data_preprocessing
1086,data_exploration
1087,data_preprocessing
1088,modelling
1089,save_results
1090,data_preprocessing
1091,helper_functions
1092,modelling
1093,modelling
1094,load_data
1095,modelling
1096,data_exploration
1097,data_exploration
1098,data_exploration
1099,data_exploration
1100,data_exploration
1101,data_exploration
1102,modelling
1103,result_visualization
1104,data_preprocessing
1105,data_exploration
1106,modelling
1107,data_preprocessing
1108,modelling
1109,modelling
1110,data_exploration
1111,data_exploration
1112,data_preprocessing
1113,data_exploration
1114,data_preprocessing
1115,data_exploration
1116,data_exploration
1117,data_preprocessing
1118,result_visualization
1119,result_visualization
1120,result_visualization
1121,data_exploration
1122,helper_functions
1123,data_preprocessing
1124,data_preprocessing
1125,modelling
1126,modelling
1127,result_visualization
1128,helper_functions
1129,helper_functions
1130,helper_functions
1131,helper_functions
1132,helper_functions
1133,evaluation
1134,load_data
1135,modelling
1136,data_exploration
1137,modelling
1138,data_preprocessing
1139,data_exploration
1140,data_exploration
1141,data_exploration
1142,data_exploration
1143,data_preprocessing
1144,data_preprocessing
1145,data_preprocessing
1146,data_preprocessing
1147,data_exploration
1148,data_exploration
1149,data_exploration
1150,data_exploration
1151,data_exploration
1152,comment_only
1153,data_exploration
1154,data_exploration
1155,data_preprocessing
1156,data_exploration
1157,data_exploration
1158,data_preprocessing
1159,data_preprocessing
1160,data_preprocessing
1161,data_exploration
1162,data_preprocessing
1163,data_preprocessing
1164,data_preprocessing
1165,data_preprocessing
1166,data_preprocessing
1167,data_preprocessing
1168,data_preprocessing
1169,modelling
1170,evaluation
1171,modelling
1172,evaluation
1173,modelling
1174,modelling
1175,result_visualization
1176,result_visualization
1177,modelling
1178,modelling
1179,result_visualization
1180,prediction
1181,evaluation
1182,modelling
1183,modelling
1184,result_visualization
1185,prediction
1186,evaluation
1187,result_visualization
1188,modelling
1189,modelling
1190,result_visualization
1191,prediction
1192,evaluation
1193,save_results
1194,modelling
1195,modelling
1196,modelling
1197,result_visualization
1198,prediction
1199,data_exploration
1200,modelling
1201,modelling
1202,result_visualization
1203,prediction
1204,modelling
1205,modelling
1206,result_visualization
1207,prediction
1208,modelling
1209,modelling
1210,result_visualization
1211,prediction
1212,data_exploration
1213,save_results
1214,evaluation
1215,data_exploration
1216,evaluation
1217,data_exploration
1218,data_preprocessing
1219,modelling
1220,data_exploration
1221,modelling
1222,data_exploration
1223,prediction
1224,result_visualization
1225,data_preprocessing
1226,data_preprocessing
1227,data_preprocessing
1228,helper_functions
1229,data_exploration
1230,data_preprocessing
1231,data_exploration
1232,data_preprocessing
1233,data_exploration
1234,result_visualization
1235,result_visualization
1236,helper_functions
1237,helper_functions
1238,helper_functions
1239,data_preprocessing
1240,modelling
1241,modelling
1242,modelling
1243,modelling
1244,data_exploration
1245,modelling
1246,result_visualization
1247,result_visualization
1248,helper_functions
1249,helper_functions
1250,helper_functions
1251,load_data
1252,data_preprocessing
1253,data_preprocessing
1254,data_exploration
1255,helper_functions
1256,data_preprocessing
1257,result_visualization
1258,data_exploration
1259,data_exploration
1260,data_preprocessing
1261,data_exploration
1262,data_exploration
1263,data_exploration
1264,data_exploration
1265,result_visualization
1266,data_exploration
1267,helper_functions
1268,load_data
1269,data_exploration
1270,helper_functions
1271,data_exploration
1272,data_exploration
1273,data_preprocessing
1274,data_exploration
1275,data_exploration
1276,load_data
1277,data_exploration
1278,data_exploration
1279,data_preprocessing
1280,data_exploration
1281,data_exploration
1282,data_exploration
1283,data_preprocessing
1284,data_preprocessing
1285,data_exploration
1286,modelling
1287,data_preprocessing
1288,data_preprocessing
1289,data_exploration
1290,data_preprocessing
1291,data_exploration
1292,modelling
1293,load_data
1294,load_data
1295,data_preprocessing
1296,helper_functions
1297,save_results
1298,data_preprocessing
1299,data_exploration
1300,data_exploration
1301,result_visualization
1302,helper_functions
1303,load_data
1304,result_visualization
1305,helper_functions
1306,helper_functions
1307,result_visualization
1308,comment_only
1309,save_results
1310,data_preprocessing
1311,data_preprocessing
1312,data_exploration
1313,data_exploration
1314,modelling
1315,data_preprocessing
1316,data_exploration
1317,result_visualization
1318,data_preprocessing
1319,data_exploration
1320,helper_functions
1321,result_visualization
1322,helper_functions
1323,data_exploration
1324,data_exploration
1325,helper_functions
1326,result_visualization
1327,comment_only
1328,comment_only
1329,comment_only
1330,comment_only
1331,comment_only
1332,comment_only
1333,result_visualization
1334,helper_functions
1335,load_data
1336,data_preprocessing
1337,data_exploration
1338,data_preprocessing
1339,modelling
1340,prediction
1341,modelling
1342,load_data
1343,modelling
1344,helper_functions
1345,load_data
1346,data_preprocessing
1347,data_exploration
1348,comment_only
1349,comment_only
1350,data_preprocessing
1351,comment_only
1352,comment_only
1353,comment_only
1354,comment_only
1355,data_exploration
1356,helper_functions
1357,data_preprocessing
1358,modelling
1359,modelling
1360,result_visualization
1361,data_preprocessing
1362,modelling
1363,modelling
1364,result_visualization
1365,result_visualization
1366,modelling
1367,result_visualization
1368,data_preprocessing
1369,modelling
1370,load_data
1371,modelling
1372,modelling
1373,evaluation
1374,result_visualization
1375,load_data
1376,data_exploration
1377,data_preprocessing
1378,data_preprocessing
1379,modelling
1380,modelling
1381,result_visualization
1382,load_data
1383,data_preprocessing
1384,data_preprocessing
1385,modelling
1386,modelling
1387,result_visualization
1388,helper_functions
1389,helper_functions
1390,helper_functions
1391,data_preprocessing
1392,data_exploration
1393,data_exploration
1394,data_exploration
1395,data_exploration
1396,data_exploration
1397,data_exploration
1398,data_exploration
1399,data_exploration
1400,data_exploration
1401,data_exploration
1402,data_exploration
1403,data_exploration
1404,data_exploration
1405,modelling
1406,data_exploration
1407,data_exploration
1408,data_exploration
1409,data_exploration
1410,data_exploration
1411,data_exploration
1412,data_exploration
1413,data_exploration
1414,data_exploration
1415,data_exploration
1416,helper_functions
1417,load_data
1418,data_exploration
1419,load_data
1420,data_exploration
1421,data_exploration
1422,data_exploration
1423,data_preprocessing
1424,data_preprocessing
1425,helper_functions
1426,data_preprocessing
1427,data_preprocessing
1428,data_preprocessing
1429,data_exploration
1430,data_exploration
1431,data_exploration
1432,data_preprocessing
1433,data_exploration
1434,data_exploration
1435,data_exploration
1436,data_exploration
1437,data_exploration
1438,data_exploration
1439,data_exploration
1440,data_exploration
1441,data_exploration
1442,data_preprocessing
1443,data_exploration
1444,data_preprocessing
1445,data_exploration
1446,data_exploration
1447,data_preprocessing
1448,data_exploration
1449,data_preprocessing
1450,data_exploration
1451,data_exploration
1452,data_exploration
1453,data_exploration
1454,data_exploration
1455,data_exploration
1456,data_exploration
1457,data_exploration
1458,data_preprocessing
1459,data_exploration
1460,comment_only
1461,helper_functions
1462,load_data
1463,load_data
1464,data_exploration
1465,data_preprocessing
1466,data_preprocessing
1467,modelling
1468,data_preprocessing
1469,result_visualization
1470,result_visualization
1471,data_exploration
1472,data_exploration
1473,data_exploration
1474,data_preprocessing
1475,modelling
1476,save_results
1477,data_exploration
1478,data_preprocessing
1479,data_exploration
1480,load_data
1481,load_data
1482,result_visualization
1483,load_data
1484,result_visualization
1485,modelling
1486,data_preprocessing
1487,data_exploration
1488,result_visualization
1489,result_visualization
1490,load_data
1491,data_preprocessing
1492,result_visualization
1493,modelling
1494,modelling
1495,result_visualization
1496,data_preprocessing
1497,result_visualization
1498,load_data
1499,result_visualization
1500,data_exploration
1501,data_exploration
1502,result_visualization
1503,load_data
1504,load_data
1505,data_preprocessing
1506,data_exploration
1507,data_preprocessing
1508,load_data
1509,result_visualization
1510,result_visualization
1511,modelling
1512,modelling
1513,modelling
1514,prediction
1515,modelling
1516,result_visualization
1517,result_visualization
1518,result_visualization
1519,result_visualization
1520,load_data
1521,data_exploration
1522,data_exploration
1523,data_preprocessing
1524,modelling
1525,result_visualization
1526,result_visualization
1527,data_preprocessing
1528,data_exploration
1529,result_visualization
1530,result_visualization
1531,data_preprocessing
1532,data_exploration
1533,data_exploration
1534,data_exploration
1535,data_exploration
1536,helper_functions
1537,data_preprocessing
1538,data_preprocessing
1539,data_exploration
1540,data_preprocessing
1541,data_exploration
1542,data_exploration
1543,helper_functions
1544,load_data
1545,data_exploration
1546,data_exploration
1547,helper_functions
1548,result_visualization
1549,data_preprocessing
1550,data_preprocessing
1551,evaluation
1552,data_preprocessing
1553,data_exploration
1554,data_exploration
1555,data_exploration
1556,data_exploration
1557,modelling
1558,data_preprocessing
1559,data_preprocessing
1560,data_exploration
1561,modelling
1562,data_exploration
1563,data_preprocessing
1564,data_exploration
1565,result_visualization
1566,data_preprocessing
1567,data_exploration
1568,data_preprocessing
1569,data_preprocessing
1570,data_exploration
1571,modelling
1572,data_preprocessing
1573,data_preprocessing
1574,data_preprocessing
1575,result_visualization
1576,data_preprocessing
1577,data_exploration
1578,data_preprocessing
1579,data_exploration
1580,data_preprocessing
1581,data_exploration
1582,data_preprocessing
1583,data_preprocessing
1584,data_preprocessing
1585,data_exploration
1586,result_visualization
1587,modelling
1588,data_preprocessing
1589,data_exploration
1590,data_preprocessing
1591,result_visualization
1592,data_exploration
1593,data_exploration
1594,result_visualization
1595,data_exploration
1596,data_preprocessing
1597,data_exploration
1598,data_preprocessing
1599,modelling
1600,data_exploration
1601,data_exploration
1602,modelling
1603,data_exploration
1604,data_exploration
1605,data_preprocessing
1606,data_exploration
1607,result_visualization
1608,data_preprocessing
1609,data_exploration
1610,data_exploration
1611,data_preprocessing
1612,data_preprocessing
1613,modelling
1614,result_visualization
1615,helper_functions
1616,data_preprocessing
1617,data_exploration
1618,data_exploration
1619,data_exploration
1620,data_exploration
1621,helper_functions
1622,helper_functions
1623,data_exploration
1624,load_data
1625,data_exploration
1626,load_data
1627,data_preprocessing
1628,data_preprocessing
1629,data_preprocessing
1630,load_data
1631,data_preprocessing
1632,helper_functions
1633,helper_functions
1634,load_data
1635,data_preprocessing
1636,data_exploration
1637,data_exploration
1638,data_exploration
1639,data_exploration
1640,data_exploration
1641,data_exploration
1642,helper_functions
1643,load_data
1644,data_exploration
1645,data_preprocessing
1646,data_exploration
1647,data_exploration
1648,data_exploration
1649,data_exploration
1650,modelling
1651,modelling
1652,modelling
1653,save_results
1654,helper_functions
1655,load_data
1656,data_exploration
1657,helper_functions
1658,load_data
1659,data_preprocessing
1660,data_exploration
1661,data_exploration
1662,data_exploration
1663,comment_only
1664,data_exploration
1665,data_exploration
1666,data_exploration
1667,load_data
1668,data_exploration
1669,data_preprocessing
1670,data_exploration
1671,data_exploration
1672,data_exploration
1673,helper_functions
1674,load_data
1675,data_preprocessing
1676,data_preprocessing
1677,modelling
1678,data_exploration
1679,result_visualization
1680,load_data
1681,data_exploration
1682,data_preprocessing
1683,data_preprocessing
1684,data_preprocessing
1685,helper_functions
1686,modelling
1687,modelling
1688,modelling
1689,modelling
1690,modelling
1691,modelling
1692,modelling
1693,modelling
1694,helper_functions
1695,modelling
1696,modelling
1697,data_preprocessing
1698,helper_functions
1699,data_preprocessing
1700,modelling
1701,helper_functions
1702,data_preprocessing
1703,data_preprocessing
1704,data_preprocessing
1705,data_preprocessing
1706,data_preprocessing
1707,data_preprocessing
1708,helper_functions
1709,data_preprocessing
1710,data_preprocessing
1711,data_preprocessing
1712,data_preprocessing
1713,data_exploration
1714,data_preprocessing
1715,data_preprocessing
1716,data_preprocessing
1717,data_preprocessing
1718,data_preprocessing
1719,data_exploration
1720,data_preprocessing
1721,data_preprocessing
1722,data_preprocessing
1723,data_preprocessing
1724,data_exploration
1725,data_preprocessing
1726,data_exploration
1727,data_exploration
1728,data_exploration
1729,data_exploration
1730,data_exploration
1731,data_exploration
1732,data_exploration
1733,helper_functions
1734,data_preprocessing
1735,data_preprocessing
1736,modelling
1737,data_exploration
1738,data_exploration
1739,data_preprocessing
1740,data_exploration
1741,modelling
1742,modelling
1743,modelling
1744,modelling
1745,modelling
1746,modelling
1747,prediction
1748,modelling
1749,modelling
1750,helper_functions
1751,load_data
1752,modelling
1753,evaluation
1754,load_data
1755,load_data
1756,load_data
1757,modelling
1758,load_data
1759,modelling
1760,load_data
1761,modelling
1762,load_data
1763,prediction
1764,data_preprocessing
1765,data_preprocessing
1766,load_data
1767,load_data
1768,load_data
1769,load_data
1770,data_preprocessing
1771,data_preprocessing
1772,data_preprocessing
1773,data_preprocessing
1774,data_preprocessing
1775,data_preprocessing
1776,data_preprocessing
1777,data_preprocessing
1778,save_results
1779,data_exploration
1780,data_preprocessing
1781,data_exploration
1782,helper_functions
1783,load_data
1784,modelling
1785,modelling
1786,modelling
1787,helper_functions
1788,helper_functions
1789,load_data
1790,data_preprocessing
1791,data_exploration
1792,data_exploration
1793,data_preprocessing
1794,data_exploration
1795,helper_functions
1796,load_data
1797,modelling
1798,modelling
1799,data_preprocessing
1800,modelling
1801,modelling
1802,helper_functions
1803,data_exploration
1804,load_data
1805,load_data
1806,data_exploration
1807,helper_functions
1808,helper_functions
1809,data_preprocessing
1810,helper_functions
1811,data_exploration
1812,data_preprocessing
1813,helper_functions
1814,data_exploration
1815,helper_functions
1816,helper_functions
1817,data_preprocessing
1818,data_exploration
1819,data_preprocessing
1820,load_data
1821,load_data
1822,data_exploration
1823,load_data
1824,save_results
1825,load_data
1826,data_exploration
1827,result_visualization
1828,data_exploration
1829,data_preprocessing
1830,data_exploration
1831,data_exploration
1832,data_preprocessing
1833,result_visualization
1834,data_preprocessing
1835,data_exploration
1836,data_exploration
1837,data_exploration
1838,data_exploration
1839,data_preprocessing
1840,data_exploration
1841,modelling
1842,data_exploration
1843,data_exploration
1844,data_exploration
1845,data_exploration
1846,data_preprocessing
1847,data_preprocessing
1848,data_preprocessing
1849,data_exploration
1850,helper_functions
1851,load_data
1852,data_exploration
1853,data_exploration
1854,data_exploration
1855,data_exploration
1856,data_exploration
1857,data_exploration
1858,data_exploration
1859,data_preprocessing
1860,modelling
1861,modelling
1862,data_preprocessing
1863,data_exploration
1864,modelling
1865,data_preprocessing
1866,data_exploration
1867,helper_functions
1868,load_data
1869,data_preprocessing
1870,data_preprocessing
1871,data_exploration
1872,data_exploration
1873,data_exploration
1874,data_exploration
1875,helper_functions
1876,data_exploration
1877,data_preprocessing
1878,modelling
1879,data_preprocessing
1880,data_preprocessing
1881,data_preprocessing
1882,data_exploration
1883,result_visualization
1884,result_visualization
1885,result_visualization
1886,result_visualization
1887,result_visualization
1888,result_visualization
1889,comment_only
1890,helper_functions
1891,load_data
1892,data_exploration
1893,result_visualization
1894,data_preprocessing
1895,data_preprocessing
1896,data_exploration
1897,data_exploration
1898,helper_functions
1899,prediction
1900,data_exploration
1901,data_preprocessing
1902,result_visualization
1903,result_visualization
1904,data_preprocessing
1905,data_exploration
1906,data_exploration
1907,data_exploration
1908,modelling
1909,modelling
1910,prediction
1911,prediction
1912,data_preprocessing
1913,data_exploration
1914,prediction
1915,prediction
1916,data_preprocessing
1917,prediction
